[
    {
        "id": 1,
        "quote": "Don't worry! It isn't as bad as you sometimes think it is. It all works out in the end. Put your trust in God and move forward with faith and the confidence in the future. The Lord will not forsake us",
        "author": "Gordon B. Hinkley",
        "topic": ["Adversity"]
    },
    {
        "id": 2,
        "quote": "I promise you that one day, you will stand aside and look at your difficult times, you will realized that He was always there beside you",
        "author": "Thomas S. Monson",
        "topic": ["Adversity"]
    },
    {
        "id": 3,
        "quote": "Don't you give up! Don't you quit! You keep Walking! You keep trying! There is help and happiness ahead...It will be all right in the end. Trust God and belive in good things to come",
        "author": "Jeffery R. Holland",
        "topic": ["Adversity"]
    },
    {
        "id": 4,
        "quote": "Endure and save yourself for days of happiness ahead",
        "author": "Jeffery R. Holland",
        "topic": ["Adversity"]
    },
    {
        "id": 5,
        "quote": "When life is hard, remember - we are not the first to ask, 'Is there no other way?'",
        "author": "Jeffery R. Holland",
        "topic": ["Adversity"]
    },
    {
        "id": 6,
        "quote": "We are infinitely more than our limitations of our afflictions",
        "author": "Jeffery R. Holland",
        "topic": ["Adversity"]
    },
    {
        "id": 7,
        "quote": "We are not measured by the trials that we meet, only by those that we overcome",
        "author": "Spencer W. Kimball",
        "topic": ["Adversity"]
    },
    {
        "id": 8,
        "quote": "With celestial sight, trials impossible to change become possible to endure",
        "author": "Russell M. Nelson",
        "topic": ["Adversity"]
    },
    {
        "id": 9,
        "quote": "Often the prickly thorn produces tender roses",
        "author": "Old Latin saying",
        "topic": ["Adversity"]
    },
    {
        "id": 10,
        "quote": "Remember, the flak is always the heaviest closer to the target.",
        "author": "Leon Packer",
        "topic": ["Adversity"]
    },
    {
        "id": 11,
        "quote": "Every tear today will eventually be returned a hundredfold with tears of rejoicing and gratitude.",
        "author": "Joseph B. Worthlin",
        "topic": ["Adversity"]
    },
    {
        "id": 12,
        "quote": "Come what may, and love it.",
        "author": "Joseph B. Worthlin",
        "topic": ["Adversity"]
    },
    {
        "id": 13,
        "quote": "No misfortune is so bad that whining about it won 't make it worse",
        "author": "Jeffery R. Holland",
        "topic": ["Adversity"]
    },
    {
        "id": "14",
        "quote": "When everything seems to be going against you, remember that the airplane takes off against the wind, not with it.",
        "author": "Henry Ford",
        "topic": ["Adversity"]
    },
    {
        "id": 15,
        "quote": "If you do your best, it will all work out.Put your trust in God. …The Lord will not forsake us.",
        "author": "Gordon B. Hinkley",
        "topic": ["Adversity"]
    },
    {
        "id": 16,
        "quote": "Every experience God gives us, every person He puts in our lives is the perfect preparation for a future that only He can see.",
        "author": "Corrie ten Boom",
        "topic": ["Adversity"]
    },
    {
        "id": 17,
        "quote": "As a gem cannot be polished without friction, neither can a man be perfected without trials.",
        "author": "Confucius",
        "topic": ["Adversity"]
    },
    {
        "id": 18,
        "quote": "Patiently enduring some things is part of our mortal education",
        "author": "Jeffery R. Holland",
        "topic": [
            "Education",
            "Adversity"
        ]
    },
    {
        "id": 19,
        "quote": "Hardships often prepare ordinary people for an extraordinary destiny.",
        "author": "C.S. Lewis",
        "topic": ["Adversity"]
    },
    {
        "id": 20,
        "quote": "How much of life do we miss by waiting to see the rainbow begfore thanking God for the rain.",
        "author": "Dieter F.Uchtdorf",
        "topic": ["Adversity"]
    },
    {
        "id": 21,
        "quote": "Be still and know that I am God.",
        "author": "Psalm 46:10",
        "topic": ["Adversity"]
    },
    {
        "id": 22,
        "quote": "For with God, nothing shall be impossible.",
        "author": "Luke 18:27",
        "topic": ["Adversity"]
    },
    {
        "id": 23,
        "quote": "In three words, I can sum up everything I've learned about life: It goes on.",
        "author": "Robert Frost",
        "topic": ["Adversity"]
    },
    {
        "id": 24,
        "quote": "Smooth seas do not make skillful sailors.",
        "author": "African Proverb",
        "topic": ["Adversity"]
    },
    {
        "id": 25,
        "quote": "Those things that hurt, instruct. It is for this reason that wise people learn not to dread but welcome problems.",
        "author": "Benjamin Franklin",
        "topic": [
            "Adversity",
            "Words of Wisdom"
        ]
    },
    {
        "id": 74,
        "quote": "If you are on the right path, it will always be uphill.",
        "author": "Henry B. Eyring",
        "topic": ["Adversity"]
    },
    {
        "id": 148,
        "quote": "Good timber does not grow with ease. the stronger the wind, the stronger the trees.",
        "author": "Douglas Malloch",
        "topic": ["Adversity"]
    },
    {
        "id": 174,
        "quote": "Challenges help us become more like our Father in Heaven.",
        "author": "Richard G. Scott",
        "topic": ["Adversity"]
    },
    {
        "id": 73,
        "quote": "One Gift of God is the joy of trying again, for no failure ever need be final.",
        "topic": ["Addiction"],
        "author": "Thomas S. Monson"
    },
    {
        "id": 117,
        "quote": "Everything in the gospel teaches us that we can change if we need to, that we can be hleped if we truly want it, that we can be made whole, whatever the problems of the past.",
        "topic": ["Addiction"],
        "author": "Jeffery R. Holland"
    },
    {
        "id": 118,
        "quote": "Healing comes when we choose ot walk away from darkness and move towards a brighter light.",
        "topic": ["Addiction"],
        "author": "Dieter F. Uchtdorf"
    },
    {
        "id": 119,
        "quote": "I will stand with anyone when he stands right and I will part from him when he goes wrong.",
        "topic": ["Obedience"],
        "author": "Abraham Lincoln"
    },
    {
        "id": 120,
        "quote": "The Greatest filter in the world is your personal testimony of Christ's Atonement",
        "topic": ["Addiction"],
        "author": "Linda S. Reeves"

    },
    {
        "id": 121,
        "quote": "I testify to you that your body, mind and spirit can be transformed, cleansed, and made whole, and you will be freed.",
        "topic": ["Addiction"],
        "author": "M. Russell Ballard"
    },
    {
        "id": 122,
        "quote": "Because of Jesus Christ, peace can replace guilt",
        "topic": ["Addiction"],
        "author": "M. Russell Ballard"
    },
    {
        "id": 123,
        "quote": "God loves you this very day and always.",
        "topic": [
            "Comfort",
            "Addiction"
        ],
        "author": "Dieter F. Uchtdorf"

    },
    {
        "id": 124,
        "quote": "Whatever you do, never run back to what broke you",
        "topic": ["Addiciton"],
        "author": "Frank Oscar"

    },
    {
        "id": 125,
        "quote": "Oh Yes, the past can hurt, but the way I see it, you can either run from it or learn from it",
        "topic": [
            "Addiction",
            "Atonement"
        ],
        "author": "Rafiki (from the Lion King)"

    },
    {
        "id": 126,
        "quote": "Addiction surrenders later freedom to choose. Through chemical means, one can literally become disconnected from his or her own will.",
        "topic": ["Addiction"],
        "author": "Russell M. Nelson"

    },
    {
        "id": 127,
        "quote": "A religion that does not require the sacrifice of all things never has power sufficient to produce the faith neccesary unto life and salvation",
        "topic": [
            "Faith",
            "Addiction"
        ],
        "author": "Joseph Smith"

    },
    {
        "id": 26,
        "quote": "It is important to rise above rationalizations and make the best choices.",
        "topic": ["Agency"],
        "author": "Quinten L. Cook"

    },
    {
        "id": 27,
        "quote": "By choosing our path, we choose our destination",
        "topic": ["Agency"],
        "author": "Thomas S. Monson"

    },
    {
        "id": 28,
        "quote": "A man without a purpose is like a ship without a rudder, never likely to reach home port",
        "topic": ["Agency"],
        "author": "Thomas S. Monson"

    },
    {
        "id": 29,
        "quote": "What we are hereafter depends on what we're after here.",
        "topic": ["Agency"],
        "author": "Harold B. Lee"

    },
    {
        "id": 30,
        "quote": "Evil comes from the abuse of free will.",
        "topic": ["Agency"],
        "author": "C.S.Lewis"

    },
    {
        "id": 31,
        "quote": "There is no neutral ground in the universe.Every square inch, every split second, is claimed by God and Counterclaimed by the Devil.",
        "topic": ["Agency"],
        "author": "C.S. Lewis"

    },
    {
        "id": 32,
        "quote": "Courage is not simply one of the virtues. Rather, it is the form of every virtue at the testing point",
        "topic": ["Agency"],
        "author": "C.S. Lewis"

    },
    {
        "id": 33,
        "quote": "Be the same person you are in the dark that you are in the light.",
        "topic": ["Agency"],
        "author": "Thomas S. Monson"

    },
    {
        "id": 115,
        "quote": "Adam fell that men might be and men are that they might have joy",
        "topic": [
            "Agency",
            "Happiness"
        ],
        "author": "2 Nephi 2:25"

    },
    {
        "id": 116,
        "quote": "Agency is your power to become...",
        "topic": ["Agency"],
        "author": "Randall L. Ridd"

    },
    {
        "id": 34,
        "quote": "Blame keeps wounds open. Only forgiveness heals.",
        "topic": ["Atonement"],
        "author": "Thomas S. Monson"

    },
    {
        "id": 35,
        "quote": "Getting over a painful experience is much like crossing monkey bars. You have to let go at some point in order to move forward",
        "topic": ["Atonement"],
        "author": "C.S. Lewis"

    },
    {
        "id": 36,
        "quote": "The Atonement of Jesus Christ makes the Savior’s invitation to “be ye therefore perfect, even as your Father which is in heaven is perfect” perfectly possible rather than frustratingly out of reach.",
        "topic": ["Atonement"],
        "author": "Allen D. Haynie"

    },
    {
        "id": 37,
        "quote": "Christ doesn't make up the difference. Christ makes ALL the difference.",
        "topic": ["Atonement"],
        "author": "Brad Wilcox"

    },
    {
        "id": 38,
        "quote": "it is better to prepare and prevent than to repair and repent.",
        "topic": ["Atonement"],
        "author": "Ezra Taft Benson"

    },
    {
        "id": 39,
        "quote": "We all want progress, but if you're on the wrong road, progress means doing about-turnand walking back to the righyt road; in that case, the man who turns back soonest is the most progressive.",
        "topic": ["Atonement"],
        "author": "C.S. Lewis"

    },
    {
        "id": 128,
        "quote": "Now is the best time to start to become the person you want to be",
        "topic": [
            "Divine Nature",
            "Atonement"
        ],
        "author": "Dieter F. Uchtdorf"

    },
    {
        "id": 129,
        "quote": "Whatever the cost of repentance, it is swallowed up in the joy of forgiveness",
        "topic": ["Atonement"],
        "author": "D. Todd Christofferson"

    },
    {
        "id": 130,
        "quote": "Guilt is to the spirit, what pain is to the body.",
        "topic": ["Atonement"],
        "author": "David A. Bednar"

    },
    {
        "id": 131,
        "quote": "The truth is that today is always a better day to repent than any tomorrow.",
        "topic": ["Atonement"],
        "author": "Henry B. Eyring"

    },
    {
        "id": 132,
        "quote": "The guilt that accompanies mistakes can be washed away.",
        "topic": ["Atonement"],
        "author": "Boyd K. Packer"

    },
    {
        "id": 133,
        "quote": "With God, there is no point of no return",
        "topic": ["Atonemnet"],
        "author": "Robert D. Hales"

    },
    {
        "id": 40,
        "quote": "No act of kindness, no matter how small is ever wasted",
        "topic": ["Charity"],
        "author": "Aesop"

    },
    {
        "id": 41,
        "quote": "Love is the thing that will unlock every heart",
        "topic": ["Charity"],
        "author": "Broc Hiatt"

    },
    {
        "id": 42,
        "quote": "To effectively serve others, we must see them through a parent's eyes, through Heavenly Father's eyes.",
        "topic": ["Charity"],
        "author": "Dale G. Renlund"

    },
    {
        "id": 43,
        "quote": "With compassion and forbearance, it replaces the retaliatory reactions of “an eye for an eye, and a tooth for a tooth.” If we were to stay on that old and unproductive path, we would be but blind and toothless.",
        "topic": ["Charity"],
        "author": "Fiddler on the Roof"

    },
    {
        "id": 44,
        "quote": "When one is in possession of absolute truth, it is imperative to love",
        "topic": ["Charity"],
        "author": "Mahatma Ghandi"

    },
    {
        "id": 45,
        "quote": "There is no more tender and beautiful picture in all of sacred writing than this simple language describing the love of the Savior for little children.",
        "topic": ["Charity"],
        "author": "Gordon B. Hinkley"

    },
    {
        "id": 46,
        "quote": "A life can never be happy that is focused inward. So if you are miserable now, forget your troubles. March right out your door, and find someone who needs you.",
        "topic": ["Charity", "Service"],
        "author": "Robert L. Backman"

    },
    {
        "id": 47,
        "quote": "They do not love that do not show their love.",
        "topic": ["Charity"],
        "author": "Shakespeare"

    },
    {
        "id": 48,
        "quote": "Never let a problem to be solved become more important than a person to be loved.",
        "topic": [
            "Charity",
            "Family"
        ],
        "author": "Thomas S. Monson"
    },
    {
        "id": 49,
        "quote": "Have the courage to be a light for others to follow",
        "topic": ["Courage"],
        "author": "Thomas S. Monson"

    },
    {
        "id": 50,
        "quote": "Being sincerely christlike is an even more important goal than being authentic",
        "topic": ["Dating"],
        "author": "Quinten L. Cook"

    },
    {
        "id": 51,
        "quote": "Choose your love. Love your choice.",
        "topic": ["Dating"],
        "author": "Thomas S. Monson"

    },
    {
        "id": 52,
        "quote": "Love is unselfishly choosing for another's highest good.",
        "topic": ["Dating"],
        "author": "C.S. Lewis"

    },
    {
        "id": 53,
        "quote": "None of us marry perfection, we marry potential.",
        "topic": ["Dating"],
        "author": "Robert D. Hales"

    },
    {
        "id": 54,
        "quote": "Will this person in this relationship lead to the temple?",
        "topic": ["Dating"],
        "author": "Elaine S. Dalton"

    },
    {
        "id": 90,
        "quote": "Wisdom will come as we listen to learn",
        "topic": [
            "Dating",
            "Education"
        ],
        "author": "Russell M. Nelson"

    },
    {
        "id": 88,
        "quote": "Love is making space in your life for someone else.",
        "topic": ["Dating"],
        "author": "Neill F. Marriott"

    },
    {
        "id": 134,
        "quote": "Don't just pray to marry the one you love; instead, pray to love the one you marry",
        "topic": [
            "Family",
            "Dating"
        ],
        "author": "Spencer W. Kimball"

    },
    {
        "id": 135,
        "quote": "Believe that faith has everything to do with your romance-- Because it does!",
        "topic": [
            "Dating",
            "Family"
        ],
        "author": "Jeffery R. Holland"

    },
    {
        "id": 136,
        "quote": "True love is not something you fall in, but grow in.",
        "topic": [
            "Dating",
            "Family"
        ],
        "author": "Lynn G. Robbins"

    },
    {
        "id": 55,
        "quote": "You don't have a soul. You are a soul. You have a body.",
        "topic": ["Divine Nature"],
        "author": "C.S. Lewis"

    },
    {
        "id": 56,
        "quote": "Be Loyal to the royal within you, for you are the child of a king",
        "topic": ["Divine Nature"],
        "author": "Harold B. Lee"

    },
    {
        "id": 57,
        "quote": "Heaven isn't a prize for the perfect, but the future home of those who are willing to be perfected.",
        "topic": ["Divine Nature"],
        "author": "Brad Wilcox"

    },
    {
        "id": 58,
        "quote": "Our Heavenly Father wants us to succeed because really, after all, they were His children before they were ours.",
        "topic": ["Divine Nature"],
        "author": "Bradley D. Foster"

    },
    {
        "id": 59,
        "quote": "The son of God became a man to enable men to become the sons of God.",
        "topic": ["Divine Nature"],
        "author": "C.S. Lewis"

    },
    {
        "id": 60,
        "quote": "Be Loyal to the royal within you.",
        "topic": ["Divine Nature"],
        "author": "Elaine S. Dalton"

    },
    {
        "id": 61,
        "quote": "God cares a lot more about who we are and who we are becoming than about who we once were.",
        "topic": ["Divine Nature"],
        "author": "Dale G. Renlund"

    },
    {
        "id": 62,
        "quote": "We are now living part of eternity.",
        "topic": ["Divine Nature"],
        "author": "Ezra Taft Benson"

    },
    {
        "id": 63,
        "quote": "Each of us is entitled to the inspiration of the Lord in proportion to the manner in which we live a godly life.",
        "topic": ["Divine Nature"],
        "author": "George Albert Smith"

    },
    {
        "id": 64,
        "quote": "“I cannot do what you ask, for I was born to be a king.”",
        "topic": ["Divine Nature"],
        "author": "King Louis XVI"

    },
    {
        "id": 65,
        "quote": "Prayer is the infinite in man seeking the infinite in God",
        "topic": [
            "Divine Nature, Prayer"
        ],
        "author": "LeGrand Richards"

    },
    {
        "id": 66,
        "quote": "In God’s ecology, talent and love are never wasted.",
        "topic": ["Divine Nature"],
        "author": "Neal A Maxwell"

    },
    {
        "id": 67,
        "quote": "Don't spend time focused on climbing a mountain only to discover you have climbed the wrong one.",
        "topic": ["Divine Nature"],
        "author": "Randall L. Ridd"

    },
    {
        "id": 68,
        "quote": "The divine nature within us ignites our desire to reach out to others and prompts us to act.",
        "topic": ["Divine Nature"],
        "author": "Rosemary M. Wixom"

    },
    {
        "id": 69,
        "quote": "Every child comes with the message that God is not yet discouraged of man.",
        "topic": ["Divine Nature"],
        "author": "Tagore"

    },
    {
        "id": 70,
        "quote": "Remember the past; learn from it. Contemplate the future; prepare for it. Live in the present; serve in it.",
        "topic": [
            "Service",
            "Divine Nature"
        ],
        "author": "Thomas S. Monson"

    },
    {
        "id": 71,
        "quote": "When we treat people merely as they are, they will remain as they are. When we treat them as if they were what they should be, they will become what they should be.",
        "topic": ["Divine Nature"],
        "author": "Thomas S. Monson"

    },
    {
        "id": 72,
        "quote": "If you live close to God and His infinite grace--you won’t have to tell, it will show in your face.",
        "topic": ["Divine Nature"],
        "author": "Unknown"

    },
    {
        "id": 76,
        "quote": "The worth of a human soul is its capacity to become as God.",
        "topic": ["Divine Nature"],
        "author": "Unknown"

    },
    {
        "id": 77,
        "quote": "We are not mortal bodies having spiritual experiences, rather, we are having mortal experiences in a spiritual body",
        "topic": ["Divine Nature"],
        "author": "Unknown"

    },
    {
        "id": 78,
        "quote": "Who touches a boy by the Master’s plan is shaping the course of a future man.",
        "topic": ["Divine Nature"],
        "author": "Unknown"

    },
    {
        "id": 175,
        "quote": "The gospel of Jesus Christ opens the path to what we may become",
        "topic": ["Divine Nature"],
        "author": "D. Todd Christofferson"

    },
    {
        "id": 79,
        "quote": "You can achieve what you belive you can. trust and believe and have faith.",
        "topic": [
            "Faith",
            "Education"
        ],
        "author": "Thomas S. Monson"

    },
    {
        "id": 80,
        "quote": "The Lord can only teach an inquiring mind.",
        "topic": ["Education"],
        "author": "Russell M. Nelson"

    },
    {
        "id": 81,
        "quote": "Man has never discovered anything that God has not already known.",
        "topic": ["Education"],
        "author": "Harold B. Lee"

    },
    {
        "id": 82,
        "quote": "My rule now is, never read anything that is not worth remembering.",
        "topic": ["Education"],
        "author": "J. Reuben Clark"

    },
    {
        "id": 83,
        "quote": "Humility, faith, and the influence of the Holy Spirit [will] always be elements of every quest for truth.",
        "topic": ["Education"],
        "author": "Jeffery R. Holland"

    },
    {
        "id": 84,
        "quote": "He will increase your opportunities, expand your vision, and then strengthen you.",
        "topic": ["Education"],
        "author": "Gary E. Stevenson"

    },
    {
        "id": 85,
        "quote": "Dieter F. Uchtdorf",
        "topic": ["Education"],
        "author": "Dieter F. Uchtdorf"

    },
    {
        "id": 86,
        "quote": "Knowledge is power, and the man with the most knowledge has the greatest power.",
        "topic": ["Education"],
        "author": "Joseph Smith"

    },
    {
        "id": 87,
        "quote": "No one likes to fail…but we mortals do not becoome champions without making mistakes.",
        "topic": ["Education"],
        "author": "Dieter F. Uchtdorf"

    },
    {
        "id": 89,
        "quote": "Education is the difference between wishing you could help other people and being able to help them.",
        "topic": ["Education"],
        "author": "Russell M. Nelson"

    },
    {
        "id": 91,
        "quote": "Questions are an indication of a further desire to learn, to add to those truths already in place in our testimonies.",
        "topic": ["Education"],
        "author": "Ronald A. Rasband"

    },
    {
        "id": 92,
        "quote": "There is no obstacle too great, no challenge too difficult, if we have faith",
        "topic": [
            "Education",
            "Faith"
        ],
        "author": "Gordon B. Hinkley"

    },
    {
        "id": 147,
        "quote": "Education without values, as useful as it is, seems rather to make man a more clever devil",
        "topic": ["Education"],
        "author": "C.S. Lewis"

    },
    {
        "id": 178,
        "quote": "Search inward, reach outward, look heavenward.",
        "topic": ["Education"],
        "author": "Thomas S. Monson"

    },
    {
        "id": 75,
        "quote": "Our Responsibility is to become the best disciples of Jesus Christ that we can become.",
        "topic": ["Faith"],
        "author": "Kiersten M. Oaks"

    },
    {
        "id": 89,
        "quote": "We must live by faith and not by fear.",
        "topic": ["Faith"],
        "author": "Quinten L. Cook"

    },
    {
        "id": 91,
        "quote": "Faith and hope invite into our lives the sweet peace of conscience for which we all yearn.",
        "topic": ["Faith"],
        "author": "David A. Bednar"

    },
    {
        "id": 92,
        "quote": "Strong Faith in the Savior is submissively accepting of His will and timing in our lives, even if the outcome is not what we had hoped for or wanted",
        "topic": ["Faith"],
        "author": "David A. Bednar"

    },
    {
        "id": 93,
        "quote": "Faith is the antidote of Fear",
        "topic": ["Faith"],
        "author": "Russell M. Nelson"

    },
    {
        "id": 94,
        "quote": "Be of good cheer. The future is as bright as your faith.",
        "topic": ["Faith"],
        "author": "Thomas S. Monson"

    },
    {
        "id": 95,
        "quote": "Believe in miracles. ...Hope is NEVER lost.",
        "topic": ["Faith"],
        "author": "Jeffery R. Holland"

    },
    {
        "id": 96,
        "quote": "I believe in Christianity as i believe that the sun has risen, not only because i see it, but because by it, i see everything else.",
        "topic": ["Faith"],
        "author": "C.S. Lewis"

    },
    {
        "id": 97,
        "quote": "Faith is trust. Trust that God sees what we cannot, and that He knows what we do not.",
        "topic": ["Faith"],
        "author": "Dieter F. Uchtdorf"

    },
    {
        "id": 98,
        "quote": "Doubt your dubts befor you doubt your faith.",
        "topic": ["Faith"],
        "author": "Dieter F. Uchtdorf"

    },
    {
        "id": 99,
        "quote": "Your fath will grow not by chance, but by choice.",
        "topic": ["Faith"],
        "author": "Neil L. Andersen"

    },
    {
        "id": 100,
        "quote": "True conversion is a process that takes place over a period of time and involves a willingness to excersise faith.",
        "topic": ["Faith"],
        "author": "Bonnie L. Oscarson"

    },
    {
        "id": 101,
        "quote": "No other work trancends that of rightous, intentional parenting.",
        "topic": ["Family"],
        "author": "Russell M. Nelson"

    },
    {
        "id": 102,
        "quote": "Never let a problem to be solved become more important than a person to be loved.",
        "topic": ["Family"],
        "author": "Thomas S. Monson"

    },
    {
        "id": 103,
        "quote": "Choose a field that will supply sufficient remuneration to provide adequately for your companion and your children. I bear testimony that these criteria are very important in choosing your life's work.",
        "topic": ["Family"],
        "author": "Thomas S. Monson"

    },
    {
        "id": 104,
        "quote": "It may be hard for an egg to turn into a bird. It would be a jolly sight harder for a bird to learn to fly whilre remaining an egg. We are like eggs at present and you cannot go on indefinitely being just an ordinary decent egg. We must be hatched or go bad",
        "topic": [
            "Family",
            "Divine Nature"
        ],
        "author": "C.S. Lewis"

    },
    {
        "id": 105,
        "quote": "Marriage is the most trusting step in any human relationship. it is a real act of faith. THe very nature of the endeavor requires that you hold on to each other ass tightly as you can and jump",
        "topic": ["Family"],
        "author": "Jeffery R. Holland"

    },
    {
        "id": 106,
        "quote": "Great marriages are built brick by brick, day after day, over a lifetime",
        "topic": ["Family"],
        "author": "Dieter F. Uchtdorf"

    },
    {
        "id": 107,
        "quote": "No other sucess can compensate for failure in the home",
        "topic": ["Family"],
        "author": "David O. McKay"

    },
    {
        "id": 108,
        "quote": "Parents may tell but never teach until they practice what they preach",
        "topic": ["Family"],
        "author": "St. Francis of Assisi"

    },
    {
        "id": 109,
        "quote": "There is no greater university than that of being married and having a family to teach us of God's love for His children.",
        "topic": ["Family"],
        "author": "Randall L. Ridd"

    },
    {
        "id": 110,
        "quote": "Immersing our families in the spirit will keep our children's hearts open to His influence.",
        "topic": ["Family"],
        "author": "Mary R. Durham"

    },
    {
        "id": 111,
        "quote": "What matters most is what lasts the longest",
        "topic": ["Family"],
        "author": "M. Russell Ballard"

    },
    {
        "id": 112,
        "quote": "Perhaps the most essential of a father's work is to turn the hearts of his children to their Heavenly Father",
        "topic": ["Family"],
        "author": "D. Todd Christofferson"

    },
    {
        "id": 113,
        "quote": "The trick is to enjoy life. don't wish away your days, waiting for better ones ahead.",
        "topic": ["Happiness"],
        "author": "Marjorie Pay Hinkley"

    },
    {
        "id": 114,
        "quote": "Happiness does not depend on what happens outside of you but on what happens inside of you; it is measured by the spirit with which you meet the problems of life",
        "topic": ["Happiness"],
        "author": "Harold B. Lee"

    },
    {
        "id": 177,
        "quote": "Missionary work is not easy because salvation is not a cheap experience.",
        "topic": ["Missionary Work"],
        "author": "Jeffery R. Holland"

    },
    {
        "id": 137,
        "quote": "When obedience ceases to be an irritant, in that moment,  God will endow us with power.",
        "topic": ["Obedience"],
        "author": "Ezra Taft Benson"

    },
    {
        "id": 138,
        "quote": "…[T]hus hath the Lord commanded me, and I must obey",
        "topic": ["Obedience"],
        "author": "2 Nephi 33:15"

    },
    {
        "id": 139,
        "quote": "Let us walk in the light of the Lord",
        "topic": ["Obedience"],
        "author": "Isaiah 2:5"

    },
    {
        "id": 140,
        "quote": "The more we devote ourselves to the pursuit of holiness and happiness, the less likely we will be on a path to regrets",
        "topic": ["Obedience"],
        "author": "Dieter F. Uchtdorf"

    },
    {
        "id": 141,
        "quote": "The most important of all the commandments of God is that one that you are having the most difficulty keeping today.",
        "topic": ["Obedience"],
        "author": "Harold B. Lee"

    },
    {
        "id": 142,
        "quote": "you can't be right by doing wrong and you can't be wrong by doing right.",
        "topic": ["Obedience"],
        "author": "Thomas S. Monson"

    },
    {
        "id": 143,
        "quote": "Sin, even if legalized is still Sin in the eyes of God.",
        "topic": ["Obedience"],
        "author": "Russell M. Nelson"

    },
    {
        "id": 144,
        "quote": "The surest step towards joy in the morning is virtue in the evening",
        "topic": ["Obedience"],
        "author": "Russell M. Nelson"

    },
    {
        "id": 145,
        "quote": "Each day is a decision and our decisions determine ourdestiny.",
        "topic": ["Obedience"],
        "author": "Russell M. Nelson"

    },
    {
        "id": 146,
        "quote": "As you choose to live on the Lord's side, you are never alone",
        "topic": ["Obedience"],
        "author": "Russell M. Nelson"

    },
    {
        "id": 149,
        "quote": "Those who are obedient to the Lord's commandments and who faithfully observe the word of wisdom are promised particular blessings.",
        "topic": ["Word of Wisdom"],
        "author": "Thomas S. Monson"

    },
    {
        "id": 150,
        "quote": "The Word of Wisdom does not promise you perfect health, but it teaches how to keep the body you were born with in the best condition and your mind alert to the delicate spiritual promptings",
        "topic": ["Word of Wisdom"],
        "author": "Boyd K. Packer"

    },
    {
        "id": 151,
        "quote": "Faithfulness in obeying the commandments and keeping our covenants will protect us from being deceived.",
        "topic": ["Word of Wisdom"],
        "author": "Robert D. Hales"

    },
    {
        "id": 159,
        "quote": "Life is Fragile, Handle with Prayer",
        "topic": [
            "Prayer",
            "Words of Wisdom"
        ],
        "author": "Harold B. Lee"

    },
    {
        "id": 160,
        "quote": "A small leak will sink a great ship.",
        "topic": ["Words of Wisdom"],
        "author": "Benjamin Franklin"

    },
    {
        "id": 161,
        "quote": "Early to bed and early to rise, makes a man healthy, wealthy, and wise.",
        "topic": ["Words of Wisdom"],
        "author": "Benjamin Franklin"

    },
    {
        "id": 162,
        "quote": "[I]f a sparrow cannot fall to the ground without God’s knowledge, ‘can an empire rise without his aid?'",
        "topic": ["Words of Wisdom"],
        "author": "Benjamin Franklin"

    },
    {
        "id": 163,
        "quote": "Laughing at our mistakes can lengthen our own life. Laughing at someone else’s can shorten it.",
        "topic": ["Words of Wisdom"],
        "author": "Cullen Hightower"

    },
    {
        "id": 164,
        "quote": "A wise man knows when to shut up",
        "topic": ["Words of Wisdom"],
        "author": "David Johanson"

    },
    {
        "id": 165,
        "quote": "Tell a man there are trillions of stars in the universe, and he’ll believe you. Tell him there’s wet paint on the wall, and he’ll touch it just to be sure.",
        "topic": ["Words of Wisdom"],
        "author": "Dieter F. Uchtdorf"

    },
    {
        "id": 166,
        "quote": "O be wise! What can I say more?",
        "topic": ["Words of Wisdom"],
        "author": "Jacob 6:12"

    },
    {
        "id": 167,
        "quote": "If any of you lack wisdom, let him ask of God, that giveth to all men liberally, and upbraideth not; and it shall be given him",
        "topic": ["Words of Wisdom"],
        "author": "James 1:5)"

    },
    {
        "id": 168,
        "quote": "Simplicity is the ultimate sophistiation",
        "topic": ["Words of Wisdom"],
        "author": "Leonardo Da Vinci"

    },
    {
        "id": 169,
        "quote": "Sometimes, I worry about being a success in a mediocre world.",
        "topic": ["Words of Wisdom"],
        "author": "Lily Tomlin"

    },
    {
        "id": 170,
        "quote": "Good is the enemy of best",
        "topic": ["Words of Wisdom"],
        "author": "Lynn G. Robbins"

    },
    {
        "id": 171,
        "quote": "If the lessons of history teach us anything it is that nobody learns the lessons that history teaches us.",
        "topic": ["Words of Wisdom"],
        "author": "Unknown"

    },
    {
        "id": 172,
        "quote": "The art of being wise is the art of knowing what to overlook.",
        "topic": ["Words of Wisdom"],
        "author": "William James"

    },
    {
        "id": 176,
        "quote": "Without hard work, nothing grows but weeds.",
        "topic": [
            "Diligence",
            "Words of Wisdom"
        ],
        "author": "Gordon B. Hinkley"

    },
    {
        "id": 179,
        "quote": "When it comes to hating, gossiping, ignoring, ridiculing, holding grudges, or wanting to cause harm, please apply the following: STOP IT!",
        "topic": ["Words of Wisdom"],
        "author": "Dieter F. Uchtdorf"

    }
]
